"","participant","exp","l1","english","spanish","l3","l3_group"
"1","5dc483cf74939e34e55c3619","stops","English",0.137897652601221,-0.228993288741608,-0.117628841347287,"french"
"2","5ea01b4b2d7b4d0243d93f78","stops","English",0.0604354370329411,0.12122365441252,-0.0900145465322057,"french"
"3","5f2bffa8d4f0d601244ab240","stops","English",0.329018928237381,0.728662940007352,0.924627538789583,"french"
"4","5f51e044db8a35429f9d6e7b","stops","English",-0.864296183865603,-0.846283421825606,-0.64333845719471,"french"
"5","5f989fa02b5a611b2df1a305","stops","English",0.977448462710945,1.35175331142693,1.19248475509107,"french"
"6","5fac89c216b5ae293eb9cfd9","stops","English",0.461794078923829,-0.936812327862642,0.397525207697207,"french"
"7","5fbb445fed317dc4907cfad4","stops","English",0.924627537605948,0.471560484345636,0.146473469493568,"french"
"8","5fceb47a2cc34e169c85d3d7","stops","English",0.210098826481564,-0.077443238650124,-0.185948056888779,"french"
"9","5fd529f2c346b034c758c278","stops","English",1.0860930453209,0.0198907081409793,-0.40579378038339,"french"
