"","l1","Mean lexTALE Score","SD","n"
"1","English",73.85,10.7792990049,25
"2","Spanish",81.5762411347518,10.4282230068544,47
