"","L1","Mean LEXtale Score","SD","n"
"1","English",71.078431372549,11.7467120762744,34
"2","Spanish",82.8146551724138,9.87182775438982,58
